{
  "Comment.nvim": {
    "commit": "ad7ffa8"
  },
  "LuaSnip": {
    "commit": "619796e"
  },
  "alpha-nvim": {
    "commit": "0bb6fc0"
  },
  "bufferline.nvim": {
    "commit": "d631817"
  },
  "cmp-buffer": {
    "commit": "3022dbc"
  },
  "cmp-nvim-lsp": {
    "commit": "78924d1"
  },
  "cmp-path": {
    "commit": "91ff86c"
  },
  "cmp_luasnip": {
    "commit": "1809552"
  },
  "friendly-snippets": {
    "commit": "c93311f"
  },
  "gitsigns.nvim": {
    "commit": "2b4fc5e"
  },
  "indent-blankline.nvim": {
    "commit": "db7cbcb"
  },
  "lir.nvim": {
    "commit": "7d8c6c4"
  },
  "lualine.nvim": {
    "commit": "3325d5d"
  },
  "lunar.nvim": {
    "commit": "29eedf7"
  },
  "mason-lspconfig.nvim": {
    "commit": "a910b4d"
  },
  "mason.nvim": {
    "commit": "991007a"
  },
  "neodev.nvim": {
    "commit": "d41f7e1"
  },
  "nlsp-settings.nvim": {
    "commit": "1ca1666"
  },
  "null-ls.nvim": {
    "commit": "1ac465b"
  },
  "nvim-autopairs": {
    "commit": "6b6e35f"
  },
  "nvim-cmp": {
    "commit": "9bb8ee6"
  },
  "nvim-dap": {
    "commit": "3d0d731"
  },
  "nvim-dap-ui": {
    "commit": "6a82715"
  },
  "nvim-lspconfig": {
    "commit": "5f4b1fa"
  },
  "nvim-navic": {
    "commit": "2fad334"
  },
  "nvim-tree.lua": {
    "commit": "6ca6f99"
  },
  "nvim-treesitter": {
    "commit": "58f61e5"
  },
  "nvim-ts-context-commentstring": {
    "commit": "32d9627"
  },
  "nvim-web-devicons": {
    "commit": "9061e2d"
  },
  "onedarker.nvim": {
    "commit": "b00dd21"
  },
  "packer.nvim": {
    "commit": "6afb674"
  },
  "plenary.nvim": {
    "commit": "4b7e520"
  },
  "popup.nvim": {
    "commit": "b7404d3"
  },
  "project.nvim": {
    "commit": "685bc8e"
  },
  "schemastore.nvim": {
    "commit": "6d856dc"
  },
  "structlog.nvim": {
    "commit": "232a8e2"
  },
  "telescope-fzf-native.nvim": {
    "commit": "65c0ee3"
  },
  "telescope.nvim": {
    "commit": "0b1c41a"
  },
  "toggleterm.nvim": {
    "commit": "3ba6838"
  },
  "tokyonight.nvim": {
    "commit": "29e2c68"
  },
  "vim-illuminate": {
    "commit": "fb83d83"
  },
  "which-key.nvim": {
    "commit": "61553ae"
  }
}
